text,ticker,net_score,label
Apple is suing OpenAI over alleged trade secret theft,AAPL,0.0,0
How SK Hynix picked the 'perfect time' to list in the US,AAPL,0.0,1
What to expect this earnings season amid lingering Hindenburg Omens,AAPL,1.0,1
"Apple Sues OpenAI and Former Employees, Alleging Theft of Trade Secrets—and a Laptop",AAPL,0.0,0
"Apple Sues OpenAI, Alleging It Stole Trade Secrets",AAPL,0.0,0
"I’d Put $25,000 in These 2 ETFs Before the Next Earnings Season",AAPL,1.0,1
AAPL Stock Unmoved After-Hours — Apple Sues OpenAI Over Alleged 'Rotten' Campaign To Steal AI Hardware Secrets,AAPL,0.0,0
OpenAI Back in Another Legal War Weeks After Beating Elon Musk,AAPL,0.0,1
Apple vs. Broadcom: Is Either Stock a Buy After Their $30 Billion Chip Partnership?,AAPL,1.0,1
Apple sues OpenAI over alleged trade secret theft,AAPL,0.0,0
PC shipments fall as AI demand spikes memory prices,MSFT,-1.0,0
Arista Networks (ANET) Could Be 2% Undervalued Following Its AI Switching Push,MSFT,0.0,1
Why tech investors are reevaluating AI investments,MSFT,0.0,1
"I’d Put $25,000 in These 2 ETFs Before the Next Earnings Season",MSFT,1.0,1
"Amazon, Microsoft and Meta Among HSBC Earnings Picks",MSFT,1.0,2
"Three Enticing Clues Put This Broadcom Partner, Nvidia Rival In Focus",MSFT,0.0,1
UK Brings Amazon Web Services Under Direct Financial Oversight,MSFT,0.0,1
Starbucks tries something it failed at before,MSFT,0.0,1
IBM's Quantum Upside Meets Valuation Risk,MSFT,0.0,1
AI Giants Add $350 Billion Debt as $725 Billion Spending Surges,MSFT,-1.0,0
What Meta's Muse AI image tool means for Instagram privacy,GOOGL,0.0,1
Why Microsoft is not this portfolio manager's stock pick,GOOGL,0.0,1
Why tech investors are reevaluating AI investments,GOOGL,0.0,1
Review & Preview: Why the Dow Snapped Its Streak,GOOGL,0.0,1
You Didn’t Need Alphabet: XLK Returned 29.35% to GOOGL’s 14.26%,GOOGL,0.0,0
"Tesla Faces Possible Robotaxi Ban In New Jersey, But It Gains Market Share In China",GOOGL,1.0,1
"Amazon, Microsoft and Meta Among HSBC Earnings Picks",GOOGL,1.0,1
UK Brings Amazon Web Services Under Direct Financial Oversight,GOOGL,0.0,1
IBM's Quantum Upside Meets Valuation Risk,GOOGL,0.0,1
AI Giants Add $350 Billion Debt as $725 Billion Spending Surges,GOOGL,-1.0,0
What Meta's Muse AI image tool means for Instagram privacy,META,0.0,0
Why Microsoft is not this portfolio manager's stock pick,META,0.0,1
Arista Networks (ANET) Could Be 2% Undervalued Following Its AI Switching Push,META,0.0,1
Review & Preview: Why the Dow Snapped Its Streak,META,0.0,1
3 Reasons I Think Meta Platforms is a Screaming Buy Right Now,META,1.0,2
"Stock Market Today, July 10: Markets Edge Higher and SK Hynix Soars on Debut",META,0.0,1
Why Is Meta (META) Stock Soaring Today,META,0.0,2
"S&P 500 Posts Weekly Gain as Technology, Energy Rally",META,1.0,2
"SK Hynix, Micron, Meta, Delta, Circle Internet, and More Stocks That Explain Today’s Market",META,0.0,1
"Top Analyst Reports for SpaceX, Meta Platforms & Boeing",META,0.0,1
"Stock market today: Dow, S&P 500, Nasdaq rise to cap choppy week as SK Hynix pops in US debut",NVDA,0.0,1
Chip stocks regain some ground after whipsaw of a trading week,NVDA,0.0,1
Why you should care about SK Hynix's IPO,NVDA,0.0,1
Ford Just Won Its First J.D. Power Quality Crown Since 2010. Here's What It Means for the Stock.,NVDA,0.0,1
Why Gulfport Energy Stock Flopped on Friday,NVDA,0.0,1
Why Vodafone Stock Rocketed Almost 13% Higher Today,NVDA,0.0,1
Circle Just Won a U.S. National Bank Charter. Here's Why It Matters for the Stock.,NVDA,0.0,1
Why Simply Good Foods Slipped by Almost 2% on Friday,NVDA,0.0,1
Circle Receives New Regulatory Approval for National Trust Bank. Here's What It Could Mean For CRCL Stock,NVDA,-1.0,1
Missed Nvidia’s Run? SMH Holders Made 113% Over 12 Months Anyway,NVDA,0.0,2
"SK Hynix, Micron, Meta, Delta, Circle Internet, and More Stocks That Explain Today’s Market",INTC,0.0,1
Intel's Turnaround Has a Long Way to Run,INTC,0.0,1
Processors and Graphics Chips Stocks Q1 Teardown: Intel (NASDAQ:INTC) Vs The Rest,INTC,0.0,1
Nvidia Vera CPU Expands Market Reach,INTC,0.0,0
"Altera returns to growth as AI, robotics fuel demand, CEO says",INTC,1.0,2
Why Intel Shares Are Down Today,INTC,0.0,0
XSD vs. SMH: Should Your Semiconductor ETF Be Equal-Weight or Cap-Weight?,INTC,0.0,1
Intel’s $200 Billion Turnaround Plan Is Under the Microscope,INTC,0.0,1
Price Prediction: Can Intel Double by 2030?,INTC,0.0,1
Intel's Operating Margins Are Improving: Is More Upside Ahead?,INTC,1.0,2
Chip stocks regain some ground after whipsaw of a trading week,AMD,0.0,1
Nasdaq's hottest winners just fell behind: Chart of the Day,AMD,0.0,0
South Korean Memory Chip Maker’s Historic U.S. Debut Jolts Stocks,AMD,0.0,1
Why Is Meta (META) Stock Soaring Today,AMD,0.0,1
SK Hynix: How It Measures Up After Day One,AMD,0.0,1
"Why the Pure Bitcoin-Miner Fund Crushed the Blockchain Basket, Up 184%",AMD,0.0,1
Micron Jumps as Chip Sentiment Improves,AMD,0.0,1
What's Going On With Nvidia Stock Friday,AMD,0.0,1
Nvidia Vera CPU Expands Market Reach,AMD,0.0,1
Rackspace Technology (RXT) Rebounds 22% After Brutal Week,AMD,-1.0,1
Lumentum Stock Was Already Sold Out Before Its Big Rally,CSCO,1.0,1
The Quiet Surge In Arista Networks Stock Masks A Volatile Outlook,CSCO,1.0,1
"Cisco, IBD Stock Of The Day, Went From Slow-Growth Tech Icon To AI Infrastructure Leader",CSCO,1.0,2
How Hewlett Packard Built A Fortress Out Of Its Backlog,CSCO,0.0,1
"Dow Jones Futures: Big Earnings Due As Market Sets Up; Nvidia, Micron, Sandisk, Robinhood, SpaceX In Focus",CSCO,1.0,1
How To Invest In Stocks Using History — And Unique Analysis From Bill O'Neil,CSCO,0.0,1
Why Ciena Stock More Than Doubled in the First Half of 2026,CSCO,0.0,1
Ciena Soars 495% in a Year: Should Investors Buy the Stock Now?,CSCO,1.0,1
3 Strong Buy Stocks for this Red-Hot Earnings Season,CSCO,1.0,1
"Dow Jones Futures Rise, Delta Falls On Earnings; Micron, Sandisk Slide As SK Hynix Raises $26.5 Billion",CSCO,1.0,1
How Adobe Stock's Cash Generation Changes The AI Debate,CRM,0.0,1
SoundHound Stock Outlook as Enterprise AI Adoption Accelerates in 2026,CRM,1.0,1
CTSH Strengthens Enterprise AI Strategy With Frontier Workforce,CRM,0.0,1
Is It Time To Buy The Dip On Microsoft Stock?,CRM,1.0,1
Salesforce Just Scored a Major Air Force Win. How to Play CRM Stock Here.,CRM,0.0,2
Can Salesforce’s (CRM) Latest $1 billion Investment Change The Stock’s Fortunes?,CRM,0.0,1
Is CRM Stock A Steal Or A Trap At 40% Off?,CRM,0.0,1
Why Salesforce Plunged Over 40% in the First Half of 2026,CRM,0.0,0
Jim Cramer Says He Doesn’t Really Like Adobe,CRM,0.0,1
Can DocuSign’s (DOCU) Iris AI Push It From E-Signature Tool To Core Workflow Platform?,CRM,0.0,1
AI cash flow is booming for chipmakers & plummeting for Big Tech: Charts of the Day,ORCL,0.0,0
Arista Networks (ANET) Could Be 2% Undervalued Following Its AI Switching Push,ORCL,0.0,1
Why tech investors are reevaluating AI investments,ORCL,0.0,1
Oracle’s dividend history: Payout ratio and dividend yield,ORCL,1.0,1
UK Brings Amazon Web Services Under Direct Financial Oversight,ORCL,0.0,1
AI Giants Add $350 Billion Debt as $725 Billion Spending Surges,ORCL,-1.0,0
How Adobe Stock's Cash Generation Changes The AI Debate,ORCL,0.0,2
"UK to regulate cloud service providers Microsoft, Google and others to protect financial stability",ORCL,0.0,0
Jim Cramer: SK Hynix Is the Last Big IPO of 2026 Unless a Hyperscaler Shocks Us,ORCL,0.0,1
"Microsoft, Google Face UK Cloud Oversight",ORCL,0.0,0
Why Microsoft is not this portfolio manager's stock pick,IBM,0.0,0
Quantum Is the Future for Washington. Inside a White House Summit.,IBM,0.0,1
How Hewlett Packard Built A Fortress Out Of Its Backlog,IBM,0.0,2
IT Keeps Buying What The Market Keeps Selling,IBM,0.0,1
IBM Is a Great Quantum Play. It’s Still Not a Buy.,IBM,1.0,1
IBM Shares Dip After Susquehanna Starts Coverage With Neutral Rating,IBM,0.0,0
Starbucks tries something it failed at before,IBM,0.0,0
IBM's Quantum Upside Meets Valuation Risk,IBM,0.0,1
"SoundHound Trends in Voice AI, OASYS and Rising Agentic Demand Today",IBM,0.0,1
Chief Investment Strategist: “We Are Spending Almost 3% of GDP on AI” as Stocks Tune Out Global Conflict on “Astronomical Investment”,IBM,0.0,1
How Adobe Stock's Cash Generation Changes The AI Debate,ADBE,0.0,2
Here's Why Investors Should Hold Docusign in Their Portfolios Now,ADBE,0.0,2
Is CRM Stock A Steal Or A Trap At 40% Off?,ADBE,0.0,1
Jim Cramer Says He Doesn’t Really Like Adobe,ADBE,0.0,0
3 Tech Stocks Poised for Comebacks,ADBE,0.0,2
Figma CEO Says He’s ‘Never Been More Bullish’ As AI Vs Design Debate Intensifies,ADBE,1.0,2
Salesforce Downgrade Sparks Slide in Software Stocks,ADBE,-1.0,0
Bank of America Says AI Will Drag Down Adobe Stock,ADBE,0.0,0
This Week In E-Commerce - Shopify's Q2 2026 Financial Results Announcement Insights,ADBE,0.0,1
"Winning Trade of Buying Chips, Selling Software Is Falling Apart",ADBE,0.0,1
"US Equity Markets End Higher Amid Broad Rally, US-Iran Diplomatic Progress",NFLX,1.0,2
Netflix's Viewer Retention Push Gets Bigger,NFLX,0.0,2
Sector Update: Consumer Stocks Rise Late Afternoon,NFLX,0.0,2
Netflix Weighs Live TV Push,NFLX,0.0,1
Should You Buy Netflix Stock Before July 16? Here's My Honest Answer,NFLX,1.0,1
Why Netflix’s Pivot to Live TV Is a Big Risk,NFLX,-1.0,0
What Google Stock Was Telling You Before It Doubled,NFLX,0.0,1
Netflix’s $300 Billion Comeback Is Turning Skeptics Into Believers,NFLX,0.0,2
Top Midday Stories: SK Hynix Marks Record-Setting Debut in US Market; Meta Faces $2 Billion Manus Deal Rollback,NFLX,1.0,1
Netflix's 111 Emmy Nominations: Is the Strong Slate Enough to Win Big?,NFLX,1.0,1
ServiceNow (NOW) Stock Sinks As Market Gains: What You Should Know,NOW,1.0,0
CTSH Strengthens Enterprise AI Strategy With Frontier Workforce,NOW,0.0,2
"Update: US Equity Futures Mixed Pre-Bell Amid SK Hynix's Record-Setting US Market Debut, Resumption of US-Iran Talks",NOW,1.0,1
Cloud AI Update - AI Transforms Architecture With Smart Design And Planning,NOW,0.0,1
Is CRM Stock A Steal Or A Trap At 40% Off?,NOW,0.0,1
Jim Cramer Says He Doesn’t Really Like Adobe,NOW,0.0,0
Why ServiceNow Stock Crushed it on Thursday,NOW,0.0,2
Chip Stocks Drop 12% as Software Rebounds in AI Trade Shift,NOW,-1.0,0
Why Is Palantir Stock Falling Today,NOW,0.0,0
UiPath's Valuation Looks Attractive After the Recent Pullback,NOW,0.0,2
Q2 Earnings Season Arrives: Can Results Match Upbeat Expectations?,JNJ,1.0,1
Johnson & Johnson (JNJ) Faces Fresh Talc Risk After $45 Million Verdict Stands,JNJ,-1.0,0
"Three Dividend Strategies That Can Produce $7,500 a Month and Which One Comes Out Ahead",JNJ,1.0,1
A Dividend Portfolio That Pays For Your Pets,JNJ,1.0,1
Jim Cramer recommends buying these 5 stocks,JNJ,0.0,2
"Moderna Drops 11%, ImmunityBio and Sarepta Therapeutics Tumble 8% in Biotech Rout",JNJ,0.0,0
"Johnson & Johnson vs AbbVie: Two Paths to Pharma Dominance, One Winner",JNJ,0.0,1
"5 Words A Dividend Investor Never Wants To Hear, And Three Signs You Are About To Hear Them.",JNJ,1.0,0
"U.S. Futures Drift as Investors Await Earnings Season and Inflation Data: Dow Jones, S&P, Nasdaq",JNJ,1.0,1
Johnson & Johnson (JNJ) Q2 Earnings Preview: What You Should Know Beyond the Headline Estimates,JNJ,1.0,1
Is Pfizer on Track to Launch Its Next Lipitor -- This Time in the Weight-Loss Market?,PFE,-1.0,1
Pfizer (PFE) Gets An Opening In ATTR CM After AstraZeneca Trial Failure,PFE,0.0,2
Sector Update: Healthcare Stocks Decline Late Afternoon,PFE,-1.0,0
"Why Verizon, Clorox and More Dividend Stocks Are Flashing a Buy Signal",PFE,1.0,2
"Pfizer Poised for Mixed Second Quarter, RBC Says",PFE,0.0,1
How a Rival's Clinical Setback Sent BBIO Stock to a 52-Week High,PFE,-1.0,1
Will Pfizer (PFE) Beat Estimates Again in Its Next Earnings Report?,PFE,1.0,1
"McDonald’s or Pfizer: One Offers Real Growth, One Just Pays You to Wait",PFE,1.0,1
JNJ Stock Keeps Climbing. Should You Climb On?,PFE,0.0,1
Jim Cramer on Pfizer: “I Can’t Come Up With Where the Growth Is”,PFE,1.0,0
Q2 Earnings Season Arrives: Can Results Match Upbeat Expectations?,UNH,1.0,1
UnitedHealth Group (UNH) Stock Slides as Market Rises: Facts to Know Before You Trade,UNH,0.0,0
"Dow Jones Futures: Big Earnings Due As Market Sets Up; Nvidia, Micron, Sandisk, Robinhood, SpaceX In Focus",UNH,1.0,1
Is ELV's Capital Allocation Strategy Creating Long-Term Value?,UNH,0.0,1
Can UNH's Lifestyle Spending Account Redefine Employee Benefits?,UNH,0.0,1
Only 1 Major S&P 500 Sector Is Really Struggling Today,UNH,0.0,1
"U.S. Futures Drift as Investors Await Earnings Season and Inflation Data: Dow Jones, S&P, Nasdaq",UNH,1.0,1
UNH Showered Owners With Cash. The Stock Did Not Cooperate,UNH,0.0,1
The Main Reason Behind Buying UnitedHealth Before July 16,UNH,0.0,2
Is UnitedHealth Group (UNH) Fully Valued On Raised Guidance Ahead Of Q2?,UNH,1.0,1
"Amazon, Microsoft and Meta Among HSBC Earnings Picks",ABBV,1.0,2
West Pharmaceutical Services (WST) Sells SmartDose Rights To AbbVie To Refocus Its Business,ABBV,0.0,1
"Johnson & Johnson vs AbbVie: Two Paths to Pharma Dominance, One Winner",ABBV,0.0,1
JNJ Stock Keeps Climbing. Should You Climb On?,ABBV,0.0,1
3 Psychedelic Stocks With Potential Clinical Trial Catalysts,ABBV,0.0,1
AbbVie (ABBV) Stock Drops Despite Market Gains: Important Facts to Note,ABBV,1.0,0
Make Your AMGN Shares Pay You 8.7% While You Hold Them,ABBV,0.0,2
ABBV Leads Its Peer Group. You Pay For That,ABBV,0.0,1
WST Completes SmartDose Sale to AbbVie to Focus on Core Growth,ABBV,1.0,1
"SLS Stock Snaps 2-Day Slide: Sellas’ SLS009 AML Trial Spotlights Big Pharma Drug Combo From ABBV, RHHBY And BMY",ABBV,0.0,1
Merck (MRK) Stock Sinks As Market Gains: Here's Why,MRK,1.0,0
JNJ Stock Keeps Climbing. Should You Climb On?,MRK,0.0,1
This Blue-Chip Dividend Stock Is Outperforming the S&P 500 in 2026,MRK,1.0,2
EXEL Stock Soars 26.8% in Three Months: Is There More Room for Growth?,MRK,1.0,2
Make Your AMGN Shares Pay You 8.7% While You Hold Them,MRK,0.0,2
ABBV Leads Its Peer Group. You Pay For That,MRK,0.0,1
"Merck & Co., Inc. (MRK) is Attracting Investor Attention: Here is What You Should Know",MRK,0.0,1
Merck (MRK) Gets New HIV Access Deal As Its Valuation Narrative Stays In Focus,MRK,0.0,2
Will New KEYTRUDA Breast and Bladder Cancer Approvals Redefine Merck’s (MRK) Post-Exclusivity Narrative?,MRK,0.0,1
"Top Research Reports for Tesla, Bank of America & Merck",MRK,0.0,1
Abbott Labs Vs. Danaher: Abbott’s Everyday Products Beat Danaher’s Slumping Biotech Equipment,ABT,1.0,2
DXCM Grew. The Stock Did Not. Someone Is Wrong,ABT,0.0,1
The Wide Chasm Priced Into Boston Scientific Stock,ABT,0.0,0
Brokers Suggest Investing in Abbott (ABT): Read This Before Placing a Bet,ABT,0.0,1
Glucotrack Clears Key Milestone to Commercialize Its Implantable CGM,ABT,0.0,2
Abbott Labs vs. Glaukos: Which Healthcare Stock Is a Better Buy in 2026?,ABT,1.0,1
Abbott Laboratories (ABT) Q1 Sales And Guidance Put Fair Value Back In Focus,ABT,1.0,1
Is Abbott Laboratories (ABT) Stock Still a Healthcare Growth Opportunity After Analyst Target Cut?,ABT,0.3333333333333333,0
5 Dividend Kings to Buy in July with Irresistible Value and Yield,ABT,1.0,2
Eli Lilly and Novo Nordisk Are Fine -- but These 2 Stocks Could Be an Even Better Way to Invest in the GLP-1 Boom,ABT,-1.0,2
Thermo Fisher (TMO) Wins FBI Approval For Rapid DNA Tool In Crime Investigations,TMO,0.0,2
Is ICLR Stock a Value Trap or Turnaround After an Earnings Reset?,TMO,1.0,0
ICON Stock Outlook 2026 as Margin Woes Meet a Stronger Backlog Base,TMO,1.0,1
Top 10 medtech deals in the first half of 2026,TMO,0.0,1
Arcturus Therapeutics (ARCT) Stock Jumps 5.7%: Will It Continue to Soar?,TMO,0.0,2
"Thermo Fisher, Arcturus partner on Phase III ARCT-032 cystic fibrosis trial",TMO,0.0,2
Thermo Fisher Scientific Earnings Preview: What to Expect,TMO,1.0,1
Is Danaher (DHR) One of the Best Non-Tech Stocks to Buy According to Analysts?,TMO,1.0,2
"Bernstein Says Life Science Sector is Improving, Resumes Thermo Fisher Scientific (TMO) Coverage",TMO,0.0,2
Just How Far Could Corning Stock Swing From Here?,TMO,0.0,1
Is Pfizer on Track to Launch Its Next Lipitor -- This Time in the Weight-Loss Market?,LLY,-1.0,1
"Moderna Drops 11%, ImmunityBio and Sarepta Therapeutics Tumble 8% in Biotech Rout",LLY,0.0,0
These Are 5 Of The Best Stocks To Buy Or Watch Now,LLY,1.0,2
NVO Rallies 11% in a Month: How Should Investors Play the Stock?,LLY,0.0,2
JNJ Stock Keeps Climbing. Should You Climb On?,LLY,0.0,2
These 7 Stocks Are Analyst Favorites For Magnificent Earnings Growth; Citibank Earnings Approach,LLY,1.0,2
Top Funds Bet Big On 19 Stocks — Including Eye-Popping Sums On These Five,LLY,0.0,2
"Zacks Investment Ideas feature highlights: XLV, XBI, LLY, EXEL, PTCT, FTRE and ILMN",LLY,0.0,1
Record Numbers of Americans Are on GLP-1 Drugs. That's Great News for This Stock.,LLY,1.0,2
Eli Lilly’s $400 Billion Surge Is Reshaping Big Pharma,LLY,1.0,2
Will Myqorzo Drive Cytokinetics Higher Despite Competitive Pressure?,BMY,0.0,1
"Pfizer Poised for Mixed Second Quarter, RBC Says",BMY,0.0,1
Is Bristol-Myers Squibb (BMY) Cheap As Index Changes Reshape Investor Exposure?,BMY,0.0,1
PRTA Stock Rises Nearly 11% in Six Months: What's Driving It?,BMY,0.0,2
Make Your AMGN Shares Pay You 8.7% While You Hold Them,BMY,0.0,2
Bristol Myers Squibb (BMY) Expands QUILS Lung Cancer Detection Model Beyond Kentucky,BMY,0.0,2
ABBV Leads Its Peer Group. You Pay For That,BMY,0.0,0
Bristol-Myers Squibb’s Q2 2026 Earnings: What to Expect,BMY,1.0,1
Is Janux Therapeutics’ (JANX) Russell Index Exit Quietly Rewriting Its Investor Base and Story?,BMY,0.0,0
"SLS Stock Snaps 2-Day Slide: Sellas’ SLS009 AML Trial Spotlights Big Pharma Drug Combo From ABBV, RHHBY And BMY",BMY,0.0,2
Medtronic (MDT) Exceeds Market Returns: Some Facts to Consider,MDT,0.0,2
DXCM Grew. The Stock Did Not. Someone Is Wrong,MDT,0.0,1
JNJ Stock Keeps Climbing. Should You Climb On?,MDT,0.0,2
Medtronic (MDT) Could Be 9% Undervalued On Recall News,MDT,0.0,1
Medtronic (MDT) Recalls Octopus 4 Tissue Stabilizer After Manufacturing Assembly Issue,MDT,0.0,0
Medtronic (MDT) Stock Could Be 6% Undervalued On Fresh Deal News,MDT,0.0,2
The Wide Chasm Priced Into Boston Scientific Stock,MDT,0.0,0
Just How Much Risk Is Built Into ISRG Stock?,MDT,-1.0,0
J&J wins FDA approval for dual-energy ablation catheter,MDT,0.0,2
Just How Wide Is The Path Ahead For Intuitive Surgical Stock?,MDT,0.0,1
Abbott Labs Vs. Danaher: Abbott’s Everyday Products Beat Danaher’s Slumping Biotech Equipment,DHR,1.0,0
Jim Cramer on Danaher: “I Don’t Want You Anywhere Near That One”,DHR,0.0,0
"Danaher (DHR) Wins CE Mark For Access P Tau217 Assay, Is The Stock A Bargain?",DHR,0.0,2
VTRS or DHR: Which Is the Better Value Stock Right Now?,DHR,0.0,1
1 Cash-Producing Stock with Competitive Advantages and 2 We Brush Off,DHR,0.0,0
Will Strength in Biotechnology Unit Continue to Drive DHR's Growth?,DHR,1.0,1
Bet On These 5 Top-Ranked Stocks With Increasing P/E Ratios,DHR,0.0,2
What to Expect From Danaher's Next Quarterly Earnings Report,DHR,1.0,1
Danaher (DHR) Completes $9.9B Acquisition of Masimo Corporation,DHR,0.0,2
Is Danaher (DHR) One of the Best Non-Tech Stocks to Buy According to Analysts?,DHR,1.0,2
Truist Raises its Price Target on Amgen (AMGN),AMGN,0.0,2
Two Drugmakers Own 90% of the Obesity Boom. One Fund Owns Both for 0.59%,AMGN,0.0,1
Jim Cramer Says Biotech is The Hottest Group in The Market Right Now,AMGN,0.0,2
Make Your AMGN Shares Pay You 8.7% While You Hold Them,AMGN,0.0,2
"Amgen (AMGN): Buy, Sell, or Hold Post Q1 Earnings?",AMGN,0.3333333333333333,1
The Wide Divide Ahead For Eli Lilly Stock,AMGN,0.0,0
"Biopharma Sector Seen Shifting to Fundamentals From Macro in H2, Morgan Stanley Says",AMGN,0.0,1
Amgen (AMGN) Recalls Put Its Valuation Story Back In Focus,AMGN,0.0,0
Did Enbrel’s Price Cap Reprieve and New Recalls Just Rebalance Amgen’s (AMGN) Risk‑Reward Profile?,AMGN,-1.0,0
How Safe Is Amgen's Dividend?,AMGN,1.0,1
Oil Is Spiking and the Iran Ceasefire Is Cracking: What It Means for Your Stocks,XOM,0.0,2
ExxonMobil Expands Nigeria Presence With $1B Usan Infill Project,XOM,0.0,2
Can Chevron's Microsoft Partnership Power the Next Leg of Growth?,XOM,1.0,2
‘Staggering’: Goldman Sachs Says China’s Oil Demand May Never Fully Recover,XOM,0.0,0
ExxonMobil (XOM) Stock Looks Reasonable On Earnings But Stretched After 180% Run,XOM,1.0,1
The Real Risk Inside ExxonMobil Stock,XOM,-1.0,0
Exxon Mobil Holdings (XOM) Stock Falls Amid Market Uptick: What Investors Need to Know,XOM,1.0,0
CVX Stock Has A New Bull Case — Why Bank Of America Favors Chevron Over Exxon As Hormuz Risks Push Oil Prices Higher,XOM,0.0,2
Exxon Mobil signals massive profit spike but Wall Street is divided,XOM,1.0,1
Strong Commodity Tailwinds Poised to Boost XOM's Q2 Results,XOM,1.0,2
Oil Is Spiking and the Iran Ceasefire Is Cracking: What It Means for Your Stocks,CVX,0.0,2
ExxonMobil Expands Nigeria Presence With $1B Usan Infill Project,CVX,0.0,2
OXY Beats the Industry in the Past 9 Months: Buy or Stay Patient?,CVX,1.0,2
Can Chevron's Microsoft Partnership Power the Next Leg of Growth?,CVX,1.0,2
Chevron signs new five-year WA gas supply deal with Alinta Energy,CVX,0.0,2
3 Warren Buffett Dividend Stocks to Buy in July,CVX,1.0,2
‘Staggering’: Goldman Sachs Says China’s Oil Demand May Never Fully Recover,CVX,0.0,0
Chevron Signs Five-Year WA Gas Supply Deal With Alinta Energy,CVX,0.0,2
The Real Risk Inside ExxonMobil Stock,CVX,-1.0,0
Micron Gives Stocks a $250 Billion AI Boost: Stock Market Today,CVX,0.0,1
Oil Is Spiking and the Iran Ceasefire Is Cracking: What It Means for Your Stocks,COP,0.0,2
The Real Risk Inside ExxonMobil Stock,COP,-1.0,0
ConocoPhillips (COP) Stock Drops Despite Market Gains: Important Facts to Note,COP,1.0,0
The S&P 500 Is Up 5% This Year. This ‘Cash Cow’ Fund Is Up 9%,COP,0.0,1
"Stock Market News for July 9, 2026",COP,0.0,1
ConocoPhillips (COP) Stock Looks Undervalued On Rising Oil Price Tensions,COP,0.0,2
ConocoPhillips (COP) Gains As Market Dips: What You Should Know,COP,1.0,2
"Stocks to Watch Wednesday Recap: Broadcom, Alibaba, Chevron, Levi Strauss",COP,0.0,1
Is ConocoPhillips (COP) Still Below Fair Value After Oil Prices Jumped?,COP,-1.0,0
CVX Handed Shareholders $115 Bil In Five Years,COP,0.0,2
The S&P 500 Is Up 5% This Year. This ‘Cash Cow’ Fund Is Up 9%,SLB,0.0,1
"Wolfe Research bullish on SLB and BKR, sees selective oil services cycle ahead",SLB,1.0,2
Citi Lowers SLB Price Target Due to Ongoing Weakness in the Middle East,SLB,0.0,0
SLB (SLB) Increases Despite Market Slip: Here's What You Need to Know,SLB,0.0,1
SLB Boosts Middle East Growth With Seven-Year Kuwait Innovation Deal,SLB,1.0,2
SLB (SLB) Secures Seven Year Kuwait Oil Deal And Opens Global Tech Hub,SLB,0.0,2
Investors Heavily Search SLB Limited (SLB): Here is What You Need to Know,SLB,0.0,1
3 Stocks Under $50 with Warning Signs,SLB,-1.0,0
SLB N.V.'s Quarterly Earnings Preview: What You Need to Know,SLB,1.0,1
This Energy Stock Tops My July Buy List,SLB,1.0,2
The S&P 500 Is Up 5% This Year. This ‘Cash Cow’ Fund Is Up 9%,EOG,0.0,1
Crescent Energy Stock Rises 18% in 6 Months: Time to Buy or Stay?,EOG,1.0,1
Does EOG Resources’ (EOG) Index Exit Reveal More About Its Capital Discipline Than Its Prospects?,EOG,0.0,0
EOG Resources (EOG) On Encino Deal Optimism And What It Means For Valuation,EOG,0.0,1
EOG Resources (EOG) Stock Still Looks Below Fair Value Today,EOG,-1.0,2
JEPI vs. JEPQ: Which Is the Better Buy in July?,EOG,1.0,1
Occidental Is Winning in Multiple Ways Today,EOG,0.0,2
Jefferies Boosts Price Target on EOG Resources (EOG). Here is Why,EOG,0.0,2
Will EOG Resources (EOG) Beat Estimates Again in Its Next Earnings Report?,EOG,1.0,1
Morgan Stanley Keeps Equal Weight Rating on EOG Resources (EOG),EOG,0.0,1
OXY Beats the Industry in the Past 9 Months: Buy or Stay Patient?,OXY,1.0,1
The Real Risk Inside ExxonMobil Stock,OXY,-1.0,0
Occidental Petroleum (OXY) Stock Falls Amid Market Uptick: What Investors Need to Know,OXY,1.0,0
The S&P 500 Is Up 5% This Year. This ‘Cash Cow’ Fund Is Up 9%,OXY,0.0,1
Occidental Petroleum Stock’s Unusual Options Activity Signals Bullish Bets Amid Oil Rally,OXY,1.0,2
2 of Wall Street’s Favorite Stocks to Target This Week and 1 We Find Risky,OXY,0.0,1
Why Occidental Petroleum Stock Crushed It on Wednesday,OXY,0.0,2
"Micron, Broadcom, Palantir, Delta, SpaceX, and More Stocks That Explain Today’s Market",OXY,0.0,1
Sector Update: Energy Stocks Gain Late Afternoon,OXY,0.0,1
"Occidental Petroleum Jumps 4% While ExxonMobil, Chevron Lag: Evercore Upgrade and Oil Spike Fuel OXY’s Lead",OXY,1.0,2
HAL vs. FTI: Which Stock Is the Better Value Option?,HAL,0.0,1
Is GE Vernova Inc. (GEV) Stock Outpacing Its Oils-Energy Peers This Year?,HAL,0.0,1
Halliburton (HAL) Stock Still Looks Discounted Despite Its 81% Five Year Run,HAL,0.0,2
Is Halliburton (HAL) Cheap Following Its Basra Deal And Higher Oil Prices?,HAL,0.0,1
The S&P 500 Is Up 5% This Year. This ‘Cash Cow’ Fund Is Up 9%,HAL,0.0,1
"Stocks making big moves yesterday: Penguin Solutions, Kirby, Dell, Broadcom, and Halliburton",HAL,0.0,1
What Does HAL’s Board Loss Mean for Its Governance and Risk Oversight Story?,HAL,-1.0,0
"Halliburton (HAL) Stock Is Up, What You Need To Know",HAL,0.0,1
"Wolfe Research bullish on SLB and BKR, sees selective oil services cycle ahead",HAL,1.0,2
Halliburton Lands Key Iraq Oilfield Deal to Boost Production,HAL,0.0,2
Oil Is Spiking and the Iran Ceasefire Is Cracking: What It Means for Your Stocks,MPC,0.0,0
The Real Risk Inside ExxonMobil Stock,MPC,-1.0,0
Veteran Energy Analyst: “Crude Oil Is Not the Problem.” Here’s What’s Keeping Gas Prices High.,MPC,0.0,1
Can Valero Energy Benefit From Renewed Middle East Tensions?,MPC,0.0,1
What Do Renewed Middle East Tensions Mean for Phillips 66's Business?,MPC,0.0,1
"Stock Market News for July 9, 2026",MPC,0.0,1
"Marathon Petroleum (MPC) Joins Russell Growth Indexes, Is The Upside Already Priced In?",MPC,1.0,1
Marathon Petroleum (MPC) Joins Russell Growth Indices: What Does This Mean for Its Investment Narrative?,MPC,1.0,1
CVX Handed Shareholders $115 Bil In Five Years,MPC,0.0,2
Gasoline Prices Could Swing Higher Again. It’s Not Just Iran.,MPC,0.0,1
Phillips 66 (PSX) Beats Stock Market Upswing: What Investors Need to Know,PSX,1.0,2
Can Valero Energy Benefit From Renewed Middle East Tensions?,PSX,0.0,1
What Do Renewed Middle East Tensions Mean for Phillips 66's Business?,PSX,0.0,1
Phillips 66 (PSX) Could Be 3% Undervalued After Oil Spiked On Middle East Tensions,PSX,0.0,2
Phillips 66 (PSX) Stock Faces Higher Crude Costs After U.S. Strikes On Iran,PSX,0.0,0
CVX Handed Shareholders $115 Bil In Five Years,PSX,0.0,2
Gasoline Prices Could Swing Higher Again. It’s Not Just Iran.,PSX,0.0,1
"Update: US Equity Indexes Decline, Crude Oil Jumps as Trump's Threats to Strike Iran Again Elevate Geopolitical Risk",PSX,-1.0,0
"Update: US Equity Indexes Slide, Crude Oil Surges After Trump Threatens More Strikes on Iran",PSX,0.0,0
Valero Stock Surges 88.1% in a Year: Should You Stay Invested?,PSX,0.0,1
Strong Fuel Demand & Elevated Crack Spreads Support Valero's Outlook,VLO,1.0,2
Valero Energy Corporation (VLO) Is a Trending Stock: Facts to Know Before Betting on It,VLO,0.0,1
Why Valero (VLO) Is Up 5.0% After Russell Reclassification And Refining Margin Tailwinds,VLO,0.0,2
The Real Risk Inside ExxonMobil Stock,VLO,-1.0,0
Valero Energy (VLO) Could Gain From Cheaper Crude As Refining Margins Hold,VLO,0.0,2
Valero Energy (VLO) Joins Major Indexes On A Fair Value Debate,VLO,0.0,1
Veteran Energy Analyst: “Crude Oil Is Not the Problem.” Here’s What’s Keeping Gas Prices High.,VLO,0.0,1
The S&P 500 Is Up 5% This Year. This ‘Cash Cow’ Fund Is Up 9%,VLO,0.0,1
Can Valero Energy Benefit From Renewed Middle East Tensions?,VLO,0.0,1
What Do Renewed Middle East Tensions Mean for Phillips 66's Business?,VLO,0.0,1
"Meta stock turns positive on the year on data center plans, new AI model pricing",AMZN,1.0,2
The Real Risk Inside Home Depot Stock,AMZN,-1.0,0
Own Walmart For Value? Dollar Tree's Numbers Tell A Sharper Story.,AMZN,0.0,1
"Tesla Faces Possible Robotaxi Ban In New Jersey, But It Gains Market Share In China",AMZN,1.0,1
Why Is Amazon so Much Cheaper Than Walmart and Costco? This Is the Only Answer I Can Think of.,AMZN,0.0,1
"Amazon, Microsoft and Meta Among HSBC Earnings Picks",AMZN,1.0,2
UK Brings Amazon Web Services Under Direct Financial Oversight,AMZN,0.0,0
IBM's Quantum Upside Meets Valuation Risk,AMZN,0.0,1
AI Giants Add $350 Billion Debt as $725 Billion Spending Surges,AMZN,-1.0,0
Bank of America argues Amazon retail rival is major AI winner,AMZN,0.0,0
Tesla Reportedly Pushes Staff Toward Grok 4.5 As AI Spending Cap Takes Effect,TSLA,0.0,1
Review & Preview: Why the Dow Snapped Its Streak,TSLA,0.0,1
"Waymo, Tesla must fix a dangerous issue with their robotaxis, NHTSA says",TSLA,0.0,0
Tesla Tears Down Model S/X Line In Just 46 Days For Optimus Production,TSLA,0.0,1
Subversive Capital files 'Ex-Elon' ETFs with the SEC that strip Tesla and SpaceX from the S&P 500 and Nasdaq-100,TSLA,0.0,0
"Tesla Faces Possible Robotaxi Ban In New Jersey, But It Gains Market Share In China",TSLA,1.0,1
Tesla Stock Is Waiting For Godot,TSLA,0.0,0
"SpaceX Will Be ‘Worth More Than the Rest of Earth,’ Musk Says. How He Gets There.",TSLA,0.0,1
Sector Update: Consumer Stocks Rise Late Afternoon,TSLA,0.0,1
Gary Black Says Tesla's Valuation Is So 'Stretched' That Most Institutional Investors Won't Touch the Stock— and FSD Isn't Helping,TSLA,0.0,0
The Real Risk Inside Home Depot Stock,HD,-1.0,0
Why WD-40 Is Crushing the Hottest AI Stocks,HD,0.0,1
Ecommerce Founders Who Ignore This Type of AI Will Lose Their Best Customers. Here’s Why.,HD,0.0,1
The Pro-Focused Pivot That Puts Home Depot Stock's Core Engine At Risk,HD,-1.0,0
Home Depot (HD) Falls More Steeply Than Broader Market: What Investors Need to Know,HD,0.0,0
"Today's Market: Dow Plunges 800 Points, Nasdaq and S&P 500 Fall 1% After Trump's Iran Warning",HD,-1.0,0
Dow Drops 800 Points. These Stocks Are a Big Drag.,HD,0.0,0
"Top 135 Best Locally Owned BBQ Supply Stores in the U.S., According to Survey [2026]",HD,0.0,1
What Home Depot (HD)'s HVAC and Pro Services Expansion Means For Shareholders,HD,1.0,2
The Real Engine Driving Walmart Stock Isn't On The Shelves,HD,0.0,1
McDonald’s (MCD) Stock Trades At A Premium On Cash Flow While Earnings Discount Value,MCD,1.0,1
PepsiCo’s $200 Billion Stability Play Is Attracting Dividend Investors,MCD,1.0,1
How To Invest In Stocks Using History — And Unique Analysis From Bill O'Neil,MCD,0.0,1
"McDonald’s or Pfizer: One Offers Real Growth, One Just Pays You to Wait",MCD,1.0,1
Jim Cramer on Wendy’s: “I’m Going to Say No to Owning That Stock”,MCD,0.0,1
"Should You Buy McDonald's Largest Franchisee, or All of Domino's Pizza?",MCD,1.0,1
The 20-Year Dividend Strategy Built For Investors Who Don’t Need Income Yet,MCD,1.0,1
Starbucks taps childhood nostalgia with 5 new drinks,MCD,0.0,1
"McDonald's US Sales Likely Hit New Low in Second Quarter, Deutsche Bank Says",MCD,0.0,0
QDOBA Mexican Eats to open 50 new restaurants in US,MCD,0.0,1
Meta Leads Again as Markets Look Forward to Earnings: Stock Market Today,NKE,1.0,1
NIKE Stock Outlook 2026 as Recovery Stays Uneven Across Markets,NKE,1.0,1
Is NKE Stock a Buy or Value Trap After Its 2026 Reset Effort?,NKE,1.0,1
NIKE Trends to Watch as Sports Growth Fights Tariffs and China,NKE,1.0,1
3 Beaten-Down Consumer Stocks to Buy in July,NKE,1.0,2
"NIKE, Inc. (NKE) is Attracting Investor Attention: Here is What You Should Know",NKE,0.0,1
Nike’s (NKE) Management Cautious Despite Earnings Beat,NKE,1.0,1
"Nike’s Dividend Yield Is Near Record Highs, But That’s Not a Good Enough Reason to Buy NKE Stock",NKE,1.0,0
How Kohl’s Is Navigating the Back-to-school Season,NKE,0.0,1
Nike vs. Adidas: Here’s Who’s Winning the World Cup Sales Race,NKE,0.0,1
FuboTV (FUBO) Stock Still Trades Below Fair Value After CEO Change,DIS,-1.0,0
Why Netflix’s Pivot to Live TV Is a Big Risk,DIS,-1.0,0
"Disney+ is considering a free streaming tier, report says",DIS,0.0,1
Why WD-40 Is Crushing the Hottest AI Stocks,DIS,0.0,1
Disney (DIS) Upgraded to Buy: Here's What You Should Know,DIS,1.0,2
Can Strategic Partnerships Strengthen Crocs' Market Position?,DIS,0.0,1
3 Consumer Stocks with Questionable Fundamentals,DIS,0.0,0
Here Is the Main Reason to Buy Netflix Before July 16,DIS,1.0,2
Disney Explores Free Disney+ Option to Strengthen Streaming Growth (DIS),DIS,1.0,2
"VZ, T, TMUS: SpaceX Starlink’s Rise Tests Telecom Giants, But This Analyst Sees Opportunity Ahead",DIS,1.0,1
Why Microsoft is not this portfolio manager's stock pick,SBUX,0.0,1
Starbucks tries something it failed at before,SBUX,0.0,0
Wingstop Was the Fastest-Growing Restaurant in America Last Year,SBUX,1.0,1
Jim Cramer recommends buying these 5 stocks,SBUX,0.0,1
Starbucks (SBUX) Is Replacing Microsoft And IBM Software To Cut $400 Million Spend,SBUX,-1.0,2
Starbucks taps childhood nostalgia with 5 new drinks,SBUX,0.0,1
"S&P 500, Nasdaq, Dow End Higher Led By Chipmaker Stocks As Investors Look Past US-Iran Hostility — ORCL, SBUX, WULF, PANW, FATE In Focus",SBUX,0.0,1
"Starbucks (SBUX) Stock Is Up, What You Need To Know",SBUX,0.0,1
Jim Cramer: “Anthropic Is the Winner Now” as Enterprises Move to Slash Tech Budgets in Half,SBUX,0.0,1
"SBUX Stock Set For Best Day In Two Months — Starbucks Steps Up AI Push To Cut Reliance On MSFT, IBM",SBUX,-1.0,2
The Real Risk Inside Home Depot Stock,LOW,-1.0,0
The 20-Year Dividend Strategy Built For Investors Who Don’t Need Income Yet,LOW,1.0,1
Home Furnishing and Improvement Retail Stocks Q1 In Review: Lowe's (NYSE:LOW) Vs Peers,LOW,0.0,1
Ecommerce Founders Who Ignore This Type of AI Will Lose Their Best Customers. Here’s Why.,LOW,0.0,1
The Case For Buying Smaller Dividends That Grow Faster,LOW,0.0,1
The Pro-Focused Pivot That Puts Home Depot Stock's Core Engine At Risk,LOW,-1.0,0
5 Dividend Kings to Buy in July with Irresistible Value and Yield,LOW,1.0,2
How A 2.5% Yield Can Turn Into A Retirement Paycheck That Keeps Growing,LOW,1.0,1
Why Today’s Dividend Yield May Be The Least Important Number In Your Portfolio,LOW,1.0,1
The Dividend Growth Snowball: How Modest Income Today Can Become Serious Income Later,LOW,1.0,1
Jim Cramer on Booking Holdings: “I Think It’s a Buy”,BKNG,1.0,2
Booking vs. Marriott International: Which Travel Stock Is a Better Buy in 2026?,BKNG,1.0,1
Booking Holdings (BKNG) Suffers a Larger Drop Than the General Market: Key Insights,BKNG,-1.0,0
"Expedia, Booking, and Airbnb Shares Plummet, What You Need To Know",BKNG,0.0,0
"Today's Market: Dow Plunges 800 Points, Nasdaq and S&P 500 Fall 1% After Trump's Iran Warning",BKNG,-1.0,0
Checkout.com Partners with Booking Holdings’ (BKNG) Agoda to Optimize Global Payment Processing,BKNG,0.0,1
Own ABNB Stock? Here Is How To Collect 14% A Year On It,BKNG,0.0,1
Investors Heavily Search Booking Holdings Inc. (BKNG): Here is What You Need to Know,BKNG,0.0,1
"Wall Street's Blockbuster AI Stock Split of 2026 Has Arrived -- and This Supercharged Growth Stock Has Soared More Than 1,100% Since Its IPO",BKNG,1.0,1
Booking Holdings (BKNG) Ascends While Market Falls: Some Facts to Note,BKNG,0.0,1
Own Walmart For Value? Dollar Tree's Numbers Tell A Sharper Story.,TGT,0.0,1
Target Corporation (TGT) Is a Trending Stock: Facts to Know Before Betting on It,TGT,0.0,1
"Collect 15% On DASH Stock Now, And Still Keep 21% Of Upside",TGT,1.0,1
"Wealthy Parents Plan 20% Back-to-School Spending Cut, Deloitte Survey Shows",TGT,-1.0,0
"Popular snack brand closes plant, cuts 345 jobs",TGT,0.0,0
Dollar Tree’s Turnaround Is Starting to Take Root,TGT,0.0,1
Costco's Comparable Sales Stay Strong Despite Slower June Growth,TGT,1.0,2
Own Costco For Its Value Focus? Dollar Tree Is Making A Case.,TGT,0.0,1
Ecommerce Founders Who Ignore This Type of AI Will Lose Their Best Customers. Here’s Why.,TGT,0.0,1
Is Target’s Expanded Classroom-Focused Assortment Quietly Reframing Its Back‑to‑School Strategy For TGT?,TGT,0.0,1
Jim Cramer recommends buying these 5 stocks,TJX,0.0,1
Can Walmart's Sam's Club Wellness Push Deepen Member Loyalty?,TJX,0.0,1
TJX (TJX) Stock Sinks As Market Gains: Here's Why,TJX,1.0,0
"Top Stock Reports for Apple, KLA Corp. & Western Digital",TJX,0.0,1
Jim Cramer on TJX: “It’s a Key Stock in the Charitable Trust”,TJX,0.0,1
"The Zacks Analyst Blog Highlights TJX, Costco Wholesale and Walmart",TJX,0.0,1
3 Blue-Chip Retail Stocks to Trust as Volatility Favors Quality,TJX,-1.0,2
"Here is What to Know Beyond Why The TJX Companies, Inc. (TJX) is a Trending Stock",TJX,0.0,1
Will TJX Companies' (TJX) Strong Q1 Comps and Raised Outlook Reshape Its Off-Price Narrative?,TJX,1.0,2
TJX (TJX) Posts Strong Q1 And Raises Full Year Guidance,TJX,1.0,2
Why Ross Stores (ROST) Outpaced the Stock Market Today,ROST,0.0,2
"Zacks.com featured highlights include Ross Stores, Suzano, Bilbao Vizcaya Argentaria, Globe Life and AMETEK",ROST,0.0,1
JEPI vs. JEPQ: Which Is the Better Buy in July?,ROST,1.0,1
Best Growth Stocks to Buy for July 8th,ROST,1.0,1
Ross Stores (ROST) Rises As Market Takes a Dip: Key Facts,ROST,0.0,1
"The Zacks Analyst Blog Highlights PepsiCo, Delta Air Lines, Bloom Energy, Ross Stores and NetEase",ROST,0.0,1
4 Must-Buy Retail Stocks as Lower Gas Prices Boost Consumer Confidence,ROST,0.3333333333333333,2
Exceptional Results Drive Growth at Ross Stores (ROST),ROST,1.0,2
2 of Wall Street’s Favorite Stocks to Research Further and 1 We Ignore,ROST,0.0,1
Ross Stores (ROST) Rose on a Favorable Consumer Environment,ROST,0.0,2
"Amazon, Microsoft and Meta Among HSBC Earnings Picks",CAT,1.0,2
These Are 5 Of The Best Stocks To Buy Or Watch Now,CAT,1.0,2
Here's What Investors Must Know Ahead of Fastenal's Q2 Earnings,CAT,1.0,1
Wall Street Is Finding New Winners Beyond Pure-Play AI: 2 Stocks to Watch Now,CAT,0.0,2
Caterpillar (CAT) Stock Dips While Market Gains: Key Facts,CAT,1.0,0
These Dividend Paying Stocks Offer Strong Exposure to AI Trends,CAT,1.0,2
"AI could cause a huge electricity shortfall in the US, Bank of America says: A closer look",CAT,0.0,0
Is Caterpillar (CAT) Still A Bargain Or Already Fully Priced?,CAT,0.0,0
CAT Stock Heads For Second Weekly Loss: Is Caterpillar's AI Rally Fading?,CAT,0.0,0
3 Mega-Cap Stocks with Competitive Advantages,CAT,0.0,2
"Dow Jones Futures: Big Earnings Due As Market Sets Up; Nvidia, Micron, Sandisk, Robinhood, SpaceX In Focus",GE,1.0,1
GE Aerospace (GE) Rallied Amid Investors’ Confidence,GE,1.0,2
GE Aerospace vs. StandardAero: Which Industrials Stock Is a Better Buy in 2026?,GE,1.0,1
Jim Cramer Greenlights Honeywell Stock,GE,0.0,1
GE Aerospace Is a No-Brainer Buy Before July 16 Earnings. Here’s Why,GE,1.0,2
Top Funds Bet Big On 19 Stocks — Including Eye-Popping Sums On These Five,GE,0.0,2
"Zacks Industry Outlook Highlights GE Aerospace, RTX and General Dynamics",GE,1.0,1
Why Honeywell’s New Earnings Guidance Isn’t as Good as It Looks,GE,1.0,1
SPCX Vs. GE: Do Investors Buy Uncapped Potential or Flawless Turnaround Execution?,GE,1.0,1
Will Strength in Defense & Propulsion Unit Continue to Drive GE's Momentum?,GE,1.0,1
"S&P 500, Nasdaq End Week Higher Following Strong SK Hynix Debut — META, SKHVY, CRCL, BA, DAL In Focus",BA,1.0,1
"Top Analyst Reports for SpaceX, Meta Platforms & Boeing",BA,0.0,1
"Boeing 737 Cabin Depressurizes After Engine Issue, Injuring Passenger",BA,0.0,0
Where Boeing Stock Is Headed After the Ryanair Window Blowout,BA,0.0,0
"Boeing Opens Fourth 737 Max Line, Targets 63 Jets Monthly",BA,0.0,2
Boeing Nears 737 MAX 7 Approval as FAA Eyes Key Authority Restoration,BA,0.0,2
Boeing's MAX 7 Delay May Finally End,BA,-1.0,2
Is Boeing (BA) Fairly Valued Or Are Expectations Getting Too Rich?,BA,0.0,0
Boeing to expand 737 MAX output as aviation giant charts comeback,BA,0.0,2
"Bezos Is Raising $10 Billion for His Rocket Company, After SpaceX Made Musk A Trillionaire",BA,0.0,1
Illinois Tool Stock's Loudest Signal Is The One It Stopped Sending,HON,0.0,0
Why SYM Beats A Bond At Its Own Game,HON,1.0,2
"JPM starts Honeywell Aerospace at Neutral, sees supply chain capping upside",HON,1.0,1
Chief Investment Strategist: “We Are Spending Almost 3% of GDP on AI” as Stocks Tune Out Global Conflict on “Astronomical Investment”,HON,0.0,1
Jim Cramer Greenlights Honeywell Stock,HON,0.0,2
"Jim Cramer on Solstice and Element Solutions Deal: “It’s a Good, Good, Good Deal”",HON,0.0,2
New Strong Sell Stocks for July 10th,HON,0.0,0
Honeywell International Inc. (HON) Laps the Stock Market: Here's Why,HON,0.0,2
Why Honeywell’s New Earnings Guidance Isn’t as Good as It Looks,HON,1.0,0
Honeywell Technologies Revises 2026 Guidance Post Reverse Stock Split,HON,1.0,1
Defense ETFs to Buy Now as NATO Allies Pledge to Invest Over $50B,RTX,1.0,2
"Rackspace Plunges 25% After Cutting 2026 Outlook, Unveils $250M Share Offering",RTX,1.0,1
Why RTX (RTX) Could Beat Earnings Estimates Again,RTX,1.0,2
Remittix Adds Perpetual Futures Platform as RTX Push Moves Beyond Crypto Payments,RTX,0.0,1
Is LHX Expanding Its Presence in the Counter-Unmanned Systems Market?,RTX,0.0,1
Is BAE Systems Expanding Its Presence in the Armored Vehicle Market?,RTX,0.0,1
"Zacks Industry Outlook Highlights GE Aerospace, RTX and General Dynamics",RTX,1.0,1
Rackspace Stock Offering Overshadows AI Deal,RTX,0.0,1
Rackspace Slides 4% After $150 Million Revenue Cut,RTX,0.0,1
RTX (RTX) Expands European Missile Production With NATO And Diehl Defence,RTX,0.0,2
United Parcel Service (UPS) Outperforms Broader Market: What You Need to Know,UPS,0.0,2
"UPS, FedEx Top List of Logistics Companies Ranked by Market Cap",UPS,0.0,2
Amazon Stock Rises on New Shipping Push. That's Bad News for UPS and FedEx,UPS,0.0,0
Morgan Stanley Warns Amazon's Logistics Push Threatens UPS and FedEx,UPS,0.0,0
UPS (UPS) Faces Fresh Uncertainty After USPS Watchdog Flags Air Cargo Contract,UPS,0.0,0
Is United Parcel Service (UPS) Undervalued On Its Index Inclusion And Share Price Rebound?,UPS,0.0,1
New FedEx life sciences unit integrates healthcare logistics capabilities,UPS,0.0,1
How UPS’s Addition to Key Russell Defensive Indexes Will Impact United Parcel Service (UPS) Investors,UPS,0.0,1
Freight Rates Are Going Crazy. These 7 Stocks Could Benefit.,UPS,0.0,2
Will UPS (UPS) Beat Estimates Again in Its Next Earnings Report?,UPS,1.0,1
DAL Beats Q2 Earnings Estimates Riding on Premium Business Strength,UNP,1.0,1
Jim Cramer on CSX: “I See a Great Long-Term Investment”,UNP,0.0,1
J.B. Hunt to Report Q2 Earnings: Is a Beat in Store for the Stock?,UNP,1.0,1
"EXCLUSIVE: Union Pacific, Norfolk Southern CEOs talk about the rail merger that could reshape the U.S. economy",UNP,0.0,1
Norfolk Southern (NSC) Files Merger Response With Union Pacific As STB Review Advances,UNP,0.0,1
"Norfolk Southern, Union Pacific defend proposed $85 billion merger",UNP,0.0,1
"Union Pacific, Norfolk Southern submit more merger data",UNP,0.0,1
Delta Air Lines to Report Q2 Earnings: What's in the Offing?,UNP,1.0,1
Union Pacific's Quarterly Earnings Preview: What You Need to Know,UNP,1.0,1
Rising intermodal volume slows big four U.S. rail systems,UNP,0.0,0
"Top Analyst Reports for SpaceX, Meta Platforms & Boeing",LMT,0.0,1
Defense ETFs to Buy Now as NATO Allies Pledge to Invest Over $50B,LMT,1.0,2
LMT or HWM: Which Is the Better Value Stock Right Now?,LMT,0.0,1
"Defense Investor: 300 Companies Could Define the Future of Warfare – and 92 of Them Are International. “Instead of Thinking U.S. Hegemony, Now We’re Thinking This Is an Allied Play”",LMT,0.0,1
"Bezos Is Raising $10 Billion for His Rocket Company, After SpaceX Made Musk A Trillionaire",LMT,0.0,1
Airbus to Supply H125 Helicopters to US Customs and Border Protection,LMT,0.0,1
NLight Flashes Buy Signal On U.S. Laser Weapon Contract Win,LMT,1.0,2
3 Industrials Stocks with Warning Signs,LMT,-1.0,0
Goldman Stock Pops On $70 Bil Heap Of Fresh Asset Management Deals,LMT,0.0,1
Lockheed Martin Secures the Ultimate Defense Moat,LMT,0.0,2
Will General Dynamics (GD) Beat Estimates Again in Its Next Earnings Report?,GD,1.0,1
"Zacks Industry Outlook Highlights GE Aerospace, RTX and General Dynamics",GD,1.0,1
RDW Falls 28.8% in the Past Month: What Should Investors Do?,GD,0.0,1
Is Huntington Ingalls Expanding Its Presence in the UUV Market?,GD,0.0,1
3 Aerospace-Defense Stocks to Buy Amid Strong Industry Tailwinds,GD,1.0,2
"Northrop, Lockheed, Other Defense Stocks Fall as Trump Sparks Iran War Fears",GD,-1.0,0
Is BAE Systems Expanding Its Presence in the Naval MRO Market?,GD,0.0,1
The Best Industrial Stocks to Buy,GD,1.0,2
General Dynamics (GD) Could Be 5% Below Fair Value Following ESOP Shelf Filing,GD,-1.0,0
General Dynamics (GD) Files Major ESOP Share Shelf Registration,GD,0.0,0
Why Carrier Global (CARR) Stock Is Trading Up Today,CARR,0.0,2
3 Reasons to Avoid CARR and 1 Stock to Buy Instead,CARR,1.0,0
Can Modular Expansion Strengthen Comfort Systems' Growth Prospects?,CARR,1.0,1
Has Carrier Global (CARR) Outpaced Other Construction Stocks This Year?,CARR,0.0,1
1 Cash-Producing Stock Worth Your Attention and 2 Facing Headwinds,CARR,0.0,1
Carrier (CARR) Stock Looks Fully Priced As Focus Shifts After Riello Sale,CARR,0.0,0
Carrier (CARR) Completes Riello Sale As It Tightens Focus On Climate And Energy,CARR,0.0,1
Get Paid 11% A Year To Hold TT Stock You Already Own,CARR,0.0,1
Is Carrier Global Corporation (CARR) among the Best HVAC Stocks to Buy for AI Server Heat Mitigation?,CARR,1.0,1
3 Profitable Stocks with Questionable Fundamentals,CARR,1.0,0
Investors Heavily Search Emerson Electric Co. (EMR): Here is What You Need to Know,EMR,0.0,1
"Should You Buy, Sell or Hold Honeywell Stock Post Aerospace Spin-Off?",EMR,0.0,1
Emerson Electric (EMR) Dips More Than Broader Market: What You Should Know,EMR,0.0,0
"Zacks Industry Outlook Highlights Eaton, Emerson Electric, EnerSys and Franklin Electric",EMR,1.0,1
What Vertiv Stock Was Saying About The AI Factory Build-Out,EMR,0.0,1
4 Manufacturing Electronics Stocks to Consider on Promising Industry Trends,EMR,0.0,2
How Emerson Electric Co.’s (EMR) Wireless Gas Sensor Fits the Connected Process Automation Thesis,EMR,0.0,1
This Under-the-Radar Industrial Is Quietly Powering AI,EMR,0.0,2
Is Emerson Electric Co. (EMR) A Good Stock To Buy Now?,EMR,1.0,1
Should Emerson’s Russell Defensive Index Inclusion Reframe EMR as a Core Automation Risk-Management Holding?,EMR,-1.0,1
Illinois Tool Stock's Loudest Signal Is The One It Stopped Sending,ETN,0.0,0
"“You’re Building a Google in 2 Years,” Why One Energy Analyst Warns The U.S. Grid Is Not Ready For What’s Coming",ETN,0.0,0
Why Did Eaton (ETN) Spend $2.1 Billion in R&D Investments?,ETN,0.0,1
Eaton (ETN) Rises Higher Than Market: Key Facts,ETN,0.0,2
"AI could cause a huge electricity shortfall in the US, Bank of America says: A closer look",ETN,0.0,0
Nvidia Is Allegedly Delaying Its Kyber Rack-Scale Architecture by More Than 12 Months. What This Means for NVDA Stock.,ETN,0.0,0
JEPI vs. JEPQ: Which Is the Better Buy in July?,ETN,1.0,1
115 years old but driving huge returns in a most modern way,ETN,0.0,2
"Zacks Industry Outlook Highlights Eaton, Emerson Electric, EnerSys and Franklin Electric",ETN,1.0,1
Is Eaton (ETN) Fully Priced On Its VoltServer Partnership?,ETN,1.0,0
Can Clearway's Renewable & Storage Portfolio Power Future Growth?,NEE,1.0,1
NextEra Energy vs. Duke Energy: A $67 Billion Deal Could Change the Revenue Script,NEE,1.0,1
Don’t Let Your Kids’ Braces Chew Up Your Retirement,NEE,0.0,1
NextEra Energy (NEE) Stock Looks Stretched Despite Its 32% Five Year Run,NEE,0.0,0
Can ES' Portfolio Transformation Create Long-Term Shareholder Value?,NEE,0.0,1
Why the Best Retirement Paycheck May Start Smaller Than You Expect,NEE,0.0,1
Can Vistra's Long-Term PPAs Act as a Catalyst for Its Growth?,NEE,1.0,1
AI Stocks Look Expensive. These 3 ETFs Could Help Investors Stay in the Game.,NEE,0.0,1
XLU vs. VPU: Which Utilities ETF Best Powers the AI Data-Center Boom?,NEE,0.0,1
"CEG Stock Trails Industry in the Past Year: Time to Buy, Hold or Sell?",NEE,0.0,0
A Dividend Portfolio That Pays For Your Pets,DUK,1.0,1
Has Duke Energy (DUK) Outpaced Other Utilities Stocks This Year?,DUK,0.0,1
Invest in These 3 Sales Growth Stocks for Robust Returns,DUK,1.0,2
NextEra Energy vs. Duke Energy: A $67 Billion Deal Could Change the Revenue Script,DUK,1.0,1
"Duke reduces rate hike request, still faces regulator pushback",DUK,0.0,0
Duke Energy (DUK) Following Goldman Move Is The Fair Value Story Still Intact,DUK,0.0,1
Investors Heavily Search Duke Energy Corporation (DUK): Here is What You Need to Know,DUK,0.0,1
4 Defensive Stocks to Take Refuge in as Tech Sell-off Continues,DUK,-1.0,2
Goldman Sachs Removes Duke Energy (DUK) from its US Conviction List,DUK,0.0,0
Why the AI Boom Is About to Break the U.S. Power Grid,DUK,0.0,0
What Would It Take to Permanently Cover Long-Term Care Insurance Premiums?,SO,0.0,1
Don’t Let Your Kids’ Braces Chew Up Your Retirement,SO,0.0,1
The Retirement Portfolio That Pays You Without Demanding Constant Attention,SO,0.0,1
AI Stocks Look Expensive. These 3 ETFs Could Help Investors Stay in the Game.,SO,0.0,1
Why the AI Boom Is About to Break the U.S. Power Grid,SO,0.0,0
The Portfolio That Pays More Than A Full-Time Minimum Wage Job,SO,0.0,1
Southern Co. (SO) Stock Sinks As Market Gains: What You Should Know,SO,1.0,0
NextEra Energy Lags Industry in the Past Month: Is It Still a Buy?,SO,1.0,0
What It Takes To Build A Portfolio That Covers A Retiree’s Grocery Bill Forever,SO,0.0,1
Southern (SO) Stock Looks Fairly Priced Despite New Solar Program,SO,0.0,1
NextEra Energy vs. Duke Energy: A $67 Billion Deal Could Change the Revenue Script,D,1.0,1
NextEra Energy (NEE) Stock Looks Stretched Despite Its 32% Five Year Run,D,0.0,0
Nvidia market cap falls by $1 trillion as stock swoons,D,0.0,0
Nvidia’s $1 Trillion Slide Sends Valuation to Pre-AI Boom Levels,D,0.0,0
"Why Did CRNX, D, BCRX Stocks Surge To 52-Week Highs Today?",D,1.0,2
NextEra Energy Lags Industry in the Past Month: Is It Still a Buy?,D,1.0,0
Merger Value Hit a First-Half Record as Deal Sizes Grew,D,1.0,2
Can Partnerships and PPAs Continue to Power NextEra's Earnings Growth?,D,1.0,1
Dominion Energy (D) Stock Trades At A Discount Following Its 48% Run,D,0.0,0
NextEra’s $67 Billion Megamerger Proves Dominion Was the Real AI Infrastructure Prize All Along,D,0.0,2
DOE closes up to $3.26B loan to AEP Texas,AEP,0.0,2
These Two Growth Stocks Are Poised To Break Out. One Reports This Week.,AEP,1.0,2
Bloom Energy vs. Eos Energy Enterprises: Which Power Stock Is a Better Buy in 2026?,AEP,1.0,1
American Electric Power’s Quarterly Earnings Preview: What You Need to Know,AEP,1.0,1
Is AEP’s ESOP-Linked Share Filing Quietly Reframing Its Capital Allocation Story?,AEP,0.0,1
American Electric Power (AEP) Stock May Be 30% Above Fair Value Following Data Center Demand News,AEP,0.0,0
American Electric Power (AEP) Joins Bloom Expansion To Power AI Data Centers,AEP,1.0,2
This Tech ETF Is Quietly Outperforming QQQ in 2026 -- Is There Still Time to Buy?,AEP,1.0,2
Will AEP (AEP) Beat Estimates Again in Its Next Earnings Report?,AEP,1.0,1
"Bloom Energy to Gain From AI Power Demand, Brookfield Deal, New Grid Rules, UBS Says",AEP,0.0,2
What to Expect From Exelon's Q2 2026 Earnings Report,EXC,1.0,1
"Exelon, FirstEnergy utilities’ RTO adder targeted by Maryland in FERC complaint",EXC,0.0,0
ComEd’s Massive Storm Response Might Change The Case For Investing In Exelon (EXC),EXC,0.0,1
Does Constellation Energy Stock Add A Different Kind of Risk?,EXC,-1.0,0
The Homebody Portfolio: How Much Does Retirement Cost When You Never Leave Chicago?,EXC,0.0,1
Does Constellation Energy Stock's Surge Broaden Your Portfolio Or Just Amplify It?,EXC,1.0,1
Exelon Stock: Is EXC Underperforming the Utilities Sector?,EXC,0.0,0
Is Constellation Energy An Undervalued Stock Or A Value Trap?,EXC,0.0,0
Is Exelon’s Bigger 2026–2029 Grid Spend and Q1 Beat Altering The Investment Case For Exelon (EXC)?,EXC,1.0,1
A Look At Exelon (EXC) Valuation After Recent Share Price Swings,EXC,0.0,1
Sector Update: Energy Stocks Advance Late Afternoon,SRE,0.0,2
Sempra (SRE) Reaches Rooftop Solar Milestone As One In Four SDG&E Customers Generate Power,SRE,0.0,2
"First U.S. LNG Ships To Asia From Mexico, Avoiding Hormuz Tensions",SRE,0.0,2
Sempra (SRE) Ships First ECA LNG Cargo As Undervalued Narrative Gains Attention,SRE,1.0,2
Should ECA Phase 1’s First LNG Cargo Shape Sempra’s (SRE) LNG-Led Cash Flow Story?,SRE,0.0,1
"Exchange-Traded Funds Higher, Equity Futures Mixed Pre-Bell Thursday as Chip Stocks Rebound Despite US-Iran Tensions",SRE,0.0,1
"Market Chatter: US, Qatar Warn EU Methane Rules Could Trigger Gas Supply Shortages",SRE,0.0,0
AES Corporation Stock: Is AES Outperforming the Utilities Sector?,SRE,0.0,1
"Stocks Set to Open Sharply Higher as Oil Sinks on U.S.-Iran Deal, Fed Meeting Awaited",SRE,0.0,2
Sempra (SRE) Subsidiary Places Louisiana Connector Project in Service,SRE,0.0,1
Chief Investment Strategist: “We Are Spending Almost 3% of GDP on AI” as Stocks Tune Out Global Conflict on “Astronomical Investment”,PEG,0.0,1
"Palantir, Chevron upgraded: Wall Street's top analyst calls",PEG,1.0,2
Vistra or Public Service Enterprise: Which Utility Stock Stands Out?,PEG,0.0,1
Morgan Stanley Lifts Price Target on Public Service Enterprise Group (PEG),PEG,0.0,2
GEV vs. PEG: Which Grid Modernization Leader Is the Smarter Buy Now?,PEG,1.0,1
PEG Benefits From Stable Utility Operations and Strategic Investments,PEG,0.0,2
Is CMS Energy Stock Underperforming the Dow?,PEG,0.0,0
How Investors Are Reacting To Public Service Enterprise Group (PEG) $500 Million 4.800% Senior Notes Offering,PEG,0.0,1
PSEG Long Island Grid Upgrades Support Reliability And Investor Valuation Outlook,PEG,1.0,2
A Look At Public Service Enterprise Group (PEG) Valuation As Grid Investment Plans Draw Attention,PEG,0.0,1
Heat-Driven Grid Strain And New Board Expertise Might Change The Case For Investing In Consolidated Edison (ED),ED,0.0,1
Con Edison (ED) Stock Looks Fairly Valued At Current Levels,ED,0.0,1
Sweltering Heat Dome Threatens US Holiday Events and Power Grids,ED,0.0,0
Argus Cuts Price Target on Consolidated Edison (ED). Here is Why,ED,0.0,0
1 Cash-Rich Utility Retirees Can Count On to Protect Their Future Financial Plans,ED,0.0,2
Sector Update: Energy Stocks Decline Late Afternoon,ED,-1.0,0
Mizuho Cuts Consolidated Edison (ED) to Neutral on Growth and Valuation Concerns,ED,1.0,0
Buy 4 Low-Beta Defensive Stocks as Fed Keeps Interest Rates Unchanged,ED,1.0,2
Expanding Customer Base and Investments Support LNT's Growth,ED,1.0,2
AES Boosts Growth Through Renewable Energy and LNG Investments,ED,1.0,2
Is WEC Energy Stock Underperforming the Nasdaq?,WEC,0.0,0
"Is WEC Energy Group, Inc. (WEC) A Good Stock To Buy Now?",WEC,1.0,1
Brookfield Renewable Corp vs. WEC Energy Group: Which Utilities Stock Is a Better Buy in 2026?,WEC,1.0,1
Assessing WEC Energy Group (WEC) Valuation After Fortune 500 Climb On 14% Revenue Growth,WEC,1.0,1
This year's Fortune 500 has 8 Wisconsin companies,WEC,0.0,1
"WEC Energy Group (WEC) Offers a Compelling Investment Case, Here is Why",WEC,0.0,2
WEC Energy (WEC) Down 3.4% Since Last Earnings Report: Can It Rebound?,WEC,1.0,0
What Makes WEC Energy Group (WEC) a Defensive Play?,WEC,0.0,1
Is WEC Energy Group (WEC) Fairly Priced After Recent Dividend Stability Focus?,WEC,1.0,1
CDL’s $2.29 annual dividend beats Treasury yields despite rising interest rates,WEC,1.0,2
Weekly Wrap: Bitcoin Has A Winning Week,JPM,0.0,1
Q2 Earnings Season Arrives: Can Results Match Upbeat Expectations?,JPM,1.0,1
Meta Leads Again as Markets Look Forward to Earnings: Stock Market Today,JPM,1.0,1
JPMorgan Tests AI Agents Against 60/40,JPM,0.0,1
JPMorgan AI Tops 60/40 Portfolio by 0.7% in Two-Decade Backtest,JPM,0.0,2
"JPMorgan’s AI Portfolio Bet Echoes Jack Dorsey’s Vision, But With a Big Warning",JPM,-1.0,1
Sector Update: Financial Stocks Rise Friday Afternoon,JPM,0.0,2
Bank Earnings to Get Wall Street Boost. Can Main Street Keep Up?,JPM,1.0,1
Fundstrat’s Tom Lee: July will be stronger for stocks as valuations become more reasonable,JPM,0.0,2
Pre-Markets Muted as Wall Street Heading for a Winning Week,JPM,0.0,1
Weekly Wrap: Bitcoin Has A Winning Week,GS,0.0,1
Meta Leads Again as Markets Look Forward to Earnings: Stock Market Today,GS,1.0,1
Goldman Sachs Physical Gold ETF vs VanEck Gold Miners ETF. Is Bullion or Miners the Better Way to Invest in Gold in 2026?,GS,0.0,1
Bank Earnings to Get Wall Street Boost. Can Main Street Keep Up?,GS,1.0,1
SK Hynix Listing Closes Gap With Micron. The Korean Stock Is Still the Better Bet.,GS,0.0,2
Fundstrat’s Tom Lee: July will be stronger for stocks as valuations become more reasonable,GS,0.0,2
Ex-Banker With ‘Boring’ AI Startup Pleads Guilty in Insider Case,GS,0.0,0
Pre-Markets Muted as Wall Street Heading for a Winning Week,GS,0.0,1
Pre-Markets Flat to Close Out Trading Week,GS,0.0,1
Stock Market Leadership Comes Into Focus With IBD Breakout Stocks Index,GS,1.0,1
Q2 Earnings Season Arrives: Can Results Match Upbeat Expectations?,BAC,1.0,1
It’s SK Hynix Stock’s Big Day. Just Look at Micron Shares.,BAC,0.0,2
Meta Leads Again as Markets Look Forward to Earnings: Stock Market Today,BAC,1.0,1
Bank of America argues Amazon retail rival is major AI winner,BAC,0.0,2
Bank Earnings to Get Wall Street Boost. Can Main Street Keep Up?,BAC,1.0,1
BofA Consumer Chief: Spending Jumps 6.3% With Wage Growth Across “All Income Groups”,BAC,1.0,2
Bank of America's new META stock outlook cuts to the chase,BAC,1.0,1
How To Earn $500 A Month From Bank of America Stock Ahead Of Q2 Earnings,BAC,1.0,1
"U.S. Futures Drift as Investors Await Earnings Season and Inflation Data: Dow Jones, S&P, Nasdaq",BAC,1.0,1
Earnings Calendar and Analysis for This Week (July 13-17),BAC,1.0,1
Delta Earnings Just Grounded the Airline Stocks Rally. It’s a ‘Buying Opportunity.’,MS,1.0,1
Pre-Markets Muted as Wall Street Heading for a Winning Week,MS,0.0,1
TeraWulf Eyes $3.5B Debt Raise for Anthropic AI Data Center Buildout,MS,-1.0,1
Pre-Markets Flat to Close Out Trading Week,MS,0.0,1
Morgan Stanley more than doubles Lenovo price target on AI-driven growth,MS,1.0,2
Goldman Q2 Earnings on the Deck: What's in Store for the Stock?,MS,1.0,1
Seeking Clues to Morgan Stanley (MS) Q2 Earnings? A Peek Into Wall Street Projections for Key Metrics,MS,1.0,1
Morgan Stanley (MS) Is a Trending Stock: Facts to Know Before Betting on It,MS,0.0,1
1 Mega-Cap Stock on Our Buy List and 2 We Find Risky,MS,1.0,1
Bank Earnings Look Strong Ahead of Q2: ETFs in Focus,MS,1.0,2
Seplat Energy (LSE:SEPL) Stock Fair Value Rises After Analysts Lift Targets,C,0.0,2
Q2 Earnings Season Arrives: Can Results Match Upbeat Expectations?,C,1.0,1
Meta Leads Again as Markets Look Forward to Earnings: Stock Market Today,C,1.0,1
Citi Taps Former Merrill Lynch Executive to Lead Northeast Wealth Business,C,0.0,1
Bank Earnings to Get Wall Street Boost. Can Main Street Keep Up?,C,1.0,1
Fundstrat’s Tom Lee: July will be stronger for stocks as valuations become more reasonable,C,0.0,2
Financial Services Roundup: Market Talk,C,0.0,1
Pre-Markets Muted as Wall Street Heading for a Winning Week,C,0.0,1
Pre-Markets Flat to Close Out Trading Week,C,0.0,1
"U.S. Futures Drift as Investors Await Earnings Season and Inflation Data: Dow Jones, S&P, Nasdaq",C,1.0,1
Has Meta ever had a stock split? What sets this ‘Mag 7’ stock apart,AAPL,0.0,1
"Apple accuses OpenAI, and former design star Jony Ive’s io Products firm, of stealing hardware trade secrets in blockbuster lawsuit",AAPL,-1.0,0
Has Meta ever had a stock split? What sets this ‘Mag 7’ stock apart,MSFT,0.0,1
Has Meta ever had a stock split? What sets this ‘Mag 7’ stock apart,GOOGL,0.0,1
Has Meta ever had a stock split? What sets this ‘Mag 7’ stock apart,META,0.0,1
Has Meta ever had a stock split? What sets this ‘Mag 7’ stock apart,NVDA,0.0,1
Palantir CEO: “Something Has Gone Completely Wrong” With OpenAI and Anthropic,NVDA,0.0,0
Why WD-40 Stock Popped Today,NVDA,0.0,2
IBM (IBM) Launches Lightwell And Expands Bob For Enterprise Security And Modernization,IBM,0.0,2
Has Meta ever had a stock split? What sets this ‘Mag 7’ stock apart,AMZN,0.0,1
Has Meta ever had a stock split? What sets this ‘Mag 7’ stock apart,TSLA,0.0,1
Boeing unveils new 737 MAX production line as aviation giant charts comeback,BA,0.0,2
"Are You on Track? How Much Retirement Savings You Need at 50, 55, 60 and 65",JPM,0.0,1
